date,product,ticker,close,strike,level_pct,barrier_px,buf_barrier,ki_px,buf_ki
2026-01-09,B,MU,345.089996,345.09,1.0,276.072,0.25,86.2725,3.0
2026-01-09,B,PLTR,177.490005,177.49,1.0,141.992,0.25,44.3725,3.0
2026-01-12,B,MU,345.869995,345.09,1.00226,276.072,0.252825,86.2725,3.009041
2026-01-12,B,PLTR,179.410004,177.49,1.010818,141.992,0.263522,44.3725,3.04327
2026-01-13,B,MU,338.130005,345.09,0.979831,276.072,0.224789,86.2725,2.919325
2026-01-13,B,PLTR,178.960007,177.49,1.008282,141.992,0.260353,44.3725,3.033129
2026-01-14,B,MU,333.350006,345.09,0.96598,276.072,0.207475,86.2725,2.86392
2026-01-14,B,PLTR,178.399994,177.49,1.005127,141.992,0.256409,44.3725,3.020508
2026-01-15,B,MU,336.630005,345.09,0.975485,276.072,0.219356,86.2725,2.901939
2026-01-15,B,PLTR,177.070007,177.49,0.997634,141.992,0.247042,44.3725,2.990535
2026-01-16,B,MU,362.75,345.09,1.051175,276.072,0.313969,86.2725,3.2047
2026-01-16,B,PLTR,170.960007,177.49,0.963209,141.992,0.204012,44.3725,2.852837
2026-01-20,B,MU,365.0,345.09,1.057695,276.072,0.322119,86.2725,3.23078
2026-01-20,B,PLTR,168.529999,177.49,0.949518,141.992,0.186898,44.3725,2.798073
2026-01-21,B,MU,389.109985,345.09,1.127561,276.072,0.409451,86.2725,3.510244
2026-01-21,B,PLTR,165.330002,177.49,0.931489,141.992,0.164361,44.3725,2.725956
2026-01-22,B,MU,397.579987,345.09,1.152105,276.072,0.440132,86.2725,3.608421
2026-01-22,B,PLTR,165.899994,177.49,0.934701,141.992,0.168376,44.3725,2.738802
2026-01-23,B,MU,399.649994,345.09,1.158104,276.072,0.44763,86.2725,3.632415
2026-01-23,B,PLTR,169.600006,177.49,0.955547,141.992,0.194434,44.3725,2.822187
2026-01-26,B,MU,389.089996,345.09,1.127503,276.072,0.409379,86.2725,3.510012
2026-01-26,B,PLTR,167.470001,177.49,0.943546,141.992,0.179433,44.3725,2.774184
2026-01-27,B,MU,410.23999,345.09,1.188791,276.072,0.485989,86.2725,3.755165
2026-01-27,B,PLTR,165.699997,177.49,0.933574,141.992,0.166967,44.3725,2.734295
2026-01-28,B,MU,435.279999,345.09,1.261352,276.072,0.57669,86.2725,4.045408
2026-01-28,B,PLTR,157.350006,177.49,0.886529,141.992,0.108161,44.3725,2.546115
2026-01-29,B,MU,435.790009,345.09,1.26283,276.072,0.578538,86.2725,4.05132
2026-01-29,B,PLTR,151.860001,177.49,0.855598,141.992,0.069497,44.3725,2.42239
2026-01-30,B,MU,414.880005,345.09,1.202237,276.072,0.502796,86.2725,3.808948
2026-01-30,B,PLTR,146.589996,177.49,0.825906,141.992,0.032382,44.3725,2.303623
2026-02-02,B,MU,437.799988,345.09,1.268655,276.072,0.585818,86.2725,4.074618
2026-02-02,B,PLTR,147.759995,177.49,0.832498,141.992,0.040622,44.3725,2.32999
2026-02-03,B,MU,419.440002,345.09,1.215451,276.072,0.519314,86.2725,3.861804
2026-02-03,B,PLTR,157.880005,177.49,0.889515,141.992,0.111894,44.3725,2.55806
2026-02-04,B,MU,379.399994,345.09,1.099423,276.072,0.374279,86.2725,3.397693
2026-02-04,B,PLTR,139.539993,177.49,0.786185,141.992,-0.017269,44.3725,2.14474
2026-02-05,B,MU,382.890015,345.09,1.109537,276.072,0.386921,86.2725,3.438147
2026-02-05,B,PLTR,130.009995,177.49,0.732492,141.992,-0.084385,44.3725,1.929968
2026-02-06,B,MU,394.690002,345.09,1.143731,276.072,0.429663,86.2725,3.574923
2026-02-06,B,PLTR,135.899994,177.49,0.765677,141.992,-0.042904,44.3725,2.062708
2026-02-09,B,MU,383.5,345.09,1.111304,276.072,0.38913,86.2725,3.445217
2026-02-09,B,PLTR,142.910004,177.49,0.805172,141.992,0.006465,44.3725,2.220689
2026-02-10,B,MU,373.25,345.09,1.081602,276.072,0.352002,86.2725,3.326408
2026-02-10,B,PLTR,139.509995,177.49,0.786016,141.992,-0.01748,44.3725,2.144064
2026-02-11,B,MU,410.339996,345.09,1.189081,276.072,0.486351,86.2725,3.756324
2026-02-11,B,PLTR,135.679993,177.49,0.764437,141.992,-0.044453,44.3725,2.05775
2026-02-12,B,MU,413.970001,345.09,1.1996,276.072,0.4995,86.2725,3.7984
2026-02-12,B,PLTR,129.130005,177.49,0.727534,141.992,-0.090583,44.3725,1.910136
2026-02-13,B,MU,411.660004,345.09,1.192906,276.072,0.491133,86.2725,3.771625
2026-02-13,B,PLTR,131.410004,177.49,0.74038,141.992,-0.074525,44.3725,1.961519
2026-02-17,B,MU,399.779999,345.09,1.15848,276.072,0.4481,86.2725,3.633922
2026-02-17,B,PLTR,133.020004,177.49,0.749451,141.992,-0.063187,44.3725,1.997803
2026-02-18,B,MU,420.950012,345.09,1.219827,276.072,0.524783,86.2725,3.879307
2026-02-18,B,PLTR,135.380005,177.49,0.762747,141.992,-0.046566,44.3725,2.050989
2026-02-19,B,MU,417.350006,345.09,1.209395,276.072,0.511743,86.2725,3.837579
2026-02-19,B,PLTR,134.889999,177.49,0.759986,141.992,-0.050017,44.3725,2.039946
2026-02-20,B,MU,428.170013,345.09,1.240749,276.072,0.550936,86.2725,3.962995
2026-02-20,B,PLTR,135.240005,177.49,0.761958,141.992,-0.047552,44.3725,2.047834
2026-02-23,B,MU,420.970001,345.09,1.219885,276.072,0.524856,86.2725,3.879539
2026-02-23,B,PLTR,130.600006,177.49,0.735816,141.992,-0.08023,44.3725,1.943265
2026-02-24,B,MU,418.01001,345.09,1.211307,276.072,0.514134,86.2725,3.845229
2026-02-24,B,PLTR,128.839996,177.49,0.7259,141.992,-0.092625,44.3725,1.9036
2026-02-25,B,MU,429.0,345.09,1.243154,276.072,0.553942,86.2725,3.972616
2026-02-25,B,PLTR,134.190002,177.49,0.756043,141.992,-0.054947,44.3725,2.02417
2026-02-26,B,MU,415.559998,345.09,1.204208,276.072,0.505259,86.2725,3.81683
2026-02-26,B,PLTR,135.940002,177.49,0.765902,141.992,-0.042622,44.3725,2.063609
2026-02-27,B,MU,412.369995,345.09,1.194964,276.072,0.493705,86.2725,3.779854
2026-02-27,B,PLTR,137.190002,177.49,0.772945,141.992,-0.033819,44.3725,2.09178
2026-03-02,B,MU,412.670013,345.09,1.195833,276.072,0.494791,86.2725,3.783332
2026-03-02,B,PLTR,145.169998,177.49,0.817905,141.992,0.022382,44.3725,2.271621
2026-03-03,B,MU,379.679993,345.09,1.100235,276.072,0.375293,86.2725,3.400939
2026-03-03,B,PLTR,147.220001,177.49,0.829455,141.992,0.036819,44.3725,2.317821
2026-03-04,B,MU,400.769989,345.09,1.161349,276.072,0.451686,86.2725,3.645397
2026-03-04,B,PLTR,153.190002,177.49,0.863091,141.992,0.078864,44.3725,2.452364
2026-03-05,B,MU,397.049988,345.09,1.150569,276.072,0.438212,86.2725,3.602278
2026-03-05,B,PLTR,152.669998,177.49,0.860161,141.992,0.075201,44.3725,2.440645
2026-03-06,B,MU,370.299988,345.09,1.073053,276.072,0.341317,86.2725,3.292213
2026-03-06,B,PLTR,157.160004,177.49,0.885458,141.992,0.106823,44.3725,2.541833
2026-03-09,B,MU,389.320007,345.09,1.128169,276.072,0.410212,86.2725,3.512678
2026-03-09,B,PLTR,156.429993,177.49,0.881345,141.992,0.101682,44.3725,2.525382
2026-03-10,B,MU,403.109985,345.09,1.16813,276.072,0.460163,86.2725,3.67252
2026-03-10,B,PLTR,151.139999,177.49,0.851541,141.992,0.064426,44.3725,2.406164
2026-03-11,B,MU,418.690002,345.09,1.213278,276.072,0.516597,86.2725,3.853111
2026-03-11,B,PLTR,151.600006,177.49,0.854133,141.992,0.067666,44.3725,2.416531
2026-03-12,B,MU,405.350006,345.09,1.174621,276.072,0.468276,86.2725,3.698485
2026-03-12,B,PLTR,153.5,177.49,0.864837,141.992,0.081047,44.3725,2.45935
2026-03-13,B,MU,426.130005,345.09,1.234837,276.072,0.543547,86.2725,3.939349
2026-03-13,B,PLTR,150.949997,177.49,0.85047,141.992,0.063088,44.3725,2.401882
2026-03-16,B,MU,441.799988,345.09,1.280246,276.072,0.600307,86.2725,4.120983
2026-03-16,B,PLTR,152.720001,177.49,0.860443,141.992,0.075554,44.3725,2.441771
2026-03-17,B,MU,461.690002,345.09,1.337883,276.072,0.672354,86.2725,4.351532
2026-03-17,B,PLTR,155.080002,177.49,0.873739,141.992,0.092174,44.3725,2.494958
2026-03-18,B,MU,461.730011,345.09,1.337999,276.072,0.672499,86.2725,4.351995
2026-03-18,B,PLTR,152.770004,177.49,0.860725,141.992,0.075906,44.3725,2.442898
2026-03-19,B,MU,444.269989,345.09,1.287403,276.072,0.609254,86.2725,4.149613
2026-03-19,B,PLTR,155.679993,177.49,0.87712,141.992,0.0964,44.3725,2.508479
2026-03-20,B,MU,422.899994,345.09,1.225477,276.072,0.531847,86.2725,3.90191
2026-03-20,B,PLTR,150.679993,177.49,0.848949,141.992,0.061186,44.3725,2.395797
2026-03-23,B,MU,404.350006,345.09,1.171723,276.072,0.464654,86.2725,3.686893
2026-03-23,B,PLTR,160.839996,177.49,0.906192,141.992,0.13274,44.3725,2.624768
2026-03-24,B,MU,395.529999,345.09,1.146165,276.072,0.432706,86.2725,3.584659
2026-03-24,B,PLTR,154.779999,177.49,0.872049,141.992,0.090061,44.3725,2.488196
2026-03-25,B,MU,382.089996,345.09,1.107218,276.072,0.384023,86.2725,3.428874
2026-03-25,B,PLTR,154.960007,177.49,0.873063,141.992,0.091329,44.3725,2.492253
2026-03-26,B,MU,355.459991,345.09,1.03005,276.072,0.287563,86.2725,3.1202
2026-03-26,B,PLTR,147.559998,177.49,0.831371,141.992,0.039213,44.3725,2.325483
2026-03-27,B,MU,357.220001,345.09,1.03515,276.072,0.293938,86.2725,3.140601
2026-03-27,B,PLTR,143.059998,177.49,0.806017,141.992,0.007522,44.3725,2.224069
2026-03-30,B,MU,321.799988,345.09,0.93251,276.072,0.165638,86.2725,2.730041
2026-03-30,B,PLTR,137.550003,177.49,0.774973,141.992,-0.031283,44.3725,2.099893
2026-03-31,B,MU,337.839996,345.09,0.978991,276.072,0.223739,86.2725,2.915964
2026-03-31,B,PLTR,146.279999,177.49,0.824159,141.992,0.030199,44.3725,2.296636
2026-04-01,B,MU,367.850006,345.09,1.065954,276.072,0.332442,86.2725,3.263815
2026-04-01,B,PLTR,146.490005,177.49,0.825342,141.992,0.031678,44.3725,2.301369
2026-04-02,B,MU,366.23999,345.09,1.061288,276.072,0.32661,86.2725,3.245153
2026-04-02,B,PLTR,148.460007,177.49,0.836442,141.992,0.045552,44.3725,2.345766
2026-04-06,B,MU,377.76001,345.09,1.094671,276.072,0.368339,86.2725,3.378684
2026-04-06,B,PLTR,147.929993,177.49,0.833455,141.992,0.041819,44.3725,2.333821
2026-04-07,B,MU,377.579987,345.09,1.094149,276.072,0.367687,86.2725,3.376597
2026-04-07,B,PLTR,150.070007,177.49,0.845512,141.992,0.056891,44.3725,2.38205
2026-04-08,B,MU,406.730011,345.09,1.17862,276.072,0.473275,86.2725,3.71448
2026-04-08,B,PLTR,140.759995,177.49,0.793059,141.992,-0.008677,44.3725,2.172235
2026-04-09,B,MU,421.51001,345.09,1.22145,276.072,0.526812,86.2725,3.885798
2026-04-09,B,PLTR,130.490005,177.49,0.735196,141.992,-0.081005,44.3725,1.940786
2026-04-10,B,MU,420.589996,345.09,1.218783,276.072,0.523479,86.2725,3.875134
2026-04-10,B,PLTR,128.059998,177.49,0.721505,141.992,-0.098118,44.3725,1.886022
2026-04-13,B,MU,426.559998,345.09,1.236083,276.072,0.545104,86.2725,3.944333
2026-04-13,B,PLTR,132.369995,177.49,0.745788,141.992,-0.067764,44.3725,1.983154
2026-04-14,B,MU,465.660004,345.09,1.349387,276.072,0.686734,86.2725,4.397549
2026-04-14,B,PLTR,135.699997,177.49,0.76455,141.992,-0.044312,44.3725,2.0582
2026-04-15,B,MU,456.230011,345.09,1.322061,276.072,0.652576,86.2725,4.288244
2026-04-15,B,PLTR,142.149994,177.49,0.80089,141.992,0.001113,44.3725,2.203561
2026-04-16,B,MU,457.230011,345.09,1.324959,276.072,0.656198,86.2725,4.299835
2026-04-16,B,PLTR,142.759995,177.49,0.804327,141.992,0.005409,44.3725,2.217308
2026-04-17,B,MU,455.070007,345.09,1.318699,276.072,0.648374,86.2725,4.274798
2026-04-17,B,PLTR,146.389999,177.49,0.824779,141.992,0.030974,44.3725,2.299115
2026-04-20,B,MU,448.420013,345.09,1.299429,276.072,0.624286,86.2725,4.197717
2026-04-20,B,PLTR,145.889999,177.49,0.821962,141.992,0.027452,44.3725,2.287847
2026-04-21,B,MU,449.380005,345.09,1.302211,276.072,0.627764,86.2725,4.208844
2026-04-21,B,PLTR,145.970001,177.49,0.822413,141.992,0.028016,44.3725,2.28965
2026-04-22,B,MU,487.480011,345.09,1.412617,276.072,0.765771,86.2725,4.650468
2026-04-22,B,PLTR,152.619995,177.49,0.859879,141.992,0.074849,44.3725,2.439518
2026-04-23,B,MU,481.720001,345.09,1.395926,276.072,0.744907,86.2725,4.583703
2026-04-23,B,PLTR,141.570007,177.49,0.797622,141.992,-0.002972,44.3725,2.19049
2026-04-24,B,MU,496.720001,345.09,1.439393,276.072,0.799241,86.2725,4.757571
2026-04-24,B,PLTR,143.089996,177.49,0.806186,141.992,0.007733,44.3725,2.224745
2026-04-27,B,MU,524.559998,345.09,1.520067,276.072,0.900084,86.2725,5.080269
2026-04-27,B,PLTR,143.100006,177.49,0.806243,141.992,0.007803,44.3725,2.224971
2026-04-28,B,MU,504.290009,345.09,1.461329,276.072,0.826661,86.2725,4.845316
2026-04-28,B,PLTR,141.179993,177.49,0.795425,141.992,-0.005719,44.3725,2.1817
2026-04-29,B,MU,518.460022,345.09,1.502391,276.072,0.877988,86.2725,5.009563
2026-04-29,B,PLTR,137.970001,177.49,0.77734,141.992,-0.028326,44.3725,2.109358
2026-04-30,B,MU,517.159973,345.09,1.498623,276.072,0.873279,86.2725,4.994494
2026-04-30,B,PLTR,139.110001,177.49,0.783762,141.992,-0.020297,44.3725,2.13505
2026-05-01,B,MU,542.210022,345.09,1.571213,276.072,0.964017,86.2725,5.284853
2026-05-01,B,PLTR,144.070007,177.49,0.811708,141.992,0.014635,44.3725,2.246831
2026-05-04,B,MU,576.450012,345.09,1.670434,276.072,1.088042,86.2725,5.681735
2026-05-04,B,PLTR,146.029999,177.49,0.822751,141.992,0.028438,44.3725,2.291002
2026-05-05,B,MU,640.200012,345.09,1.855168,276.072,1.31896,86.2725,6.420673
2026-05-05,B,PLTR,135.910004,177.49,0.765733,141.992,-0.042833,44.3725,2.062933
2026-05-06,B,MU,666.590027,345.09,1.931641,276.072,1.414551,86.2725,6.726564
2026-05-06,B,PLTR,133.789993,177.49,0.753789,141.992,-0.057764,44.3725,2.015156
2026-05-07,B,MU,646.630005,345.09,1.873801,276.072,1.342251,86.2725,6.495204
2026-05-07,B,PLTR,137.050003,177.49,0.772156,141.992,-0.034805,44.3725,2.088625
2026-05-08,B,MU,746.809998,345.09,2.164102,276.072,1.705128,86.2725,7.656408
2026-05-08,B,PLTR,137.800003,177.49,0.776382,141.992,-0.029523,44.3725,2.105527
2026-05-11,B,MU,795.330017,345.09,2.304703,276.072,1.880879,86.2725,8.218813
2026-05-11,B,PLTR,136.889999,177.49,0.771255,141.992,-0.035932,44.3725,2.085019
2026-05-12,B,MU,766.580017,345.09,2.221392,276.072,1.776739,86.2725,7.885566
2026-05-12,B,PLTR,136.0,177.49,0.76624,141.992,-0.0422,44.3725,2.064961
2026-05-13,B,MU,803.630005,345.09,2.328755,276.072,1.910944,86.2725,8.315019
2026-05-13,B,PLTR,130.050003,177.49,0.732717,141.992,-0.084103,44.3725,1.930869
2026-05-14,B,MU,776.01001,345.09,2.248718,276.072,1.810897,86.2725,7.994871
2026-05-14,B,PLTR,133.729996,177.49,0.753451,141.992,-0.058186,44.3725,2.013803
2026-05-15,B,MU,724.659973,345.09,2.099916,276.072,1.624895,86.2725,7.399664
2026-05-15,B,PLTR,133.990005,177.49,0.754916,141.992,-0.056355,44.3725,2.019663
2026-05-18,B,MU,681.539978,345.09,1.974963,276.072,1.468704,86.2725,6.899852
2026-05-18,B,PLTR,135.139999,177.49,0.761395,141.992,-0.048256,44.3725,2.04558
2026-05-19,B,MU,698.73999,345.09,2.024805,276.072,1.531006,86.2725,7.09922
2026-05-19,B,PLTR,135.259995,177.49,0.762071,141.992,-0.047411,44.3725,2.048284
2026-05-20,B,MU,731.98999,345.09,2.121157,276.072,1.651446,86.2725,7.484627
2026-05-20,B,PLTR,137.149994,177.49,0.77272,141.992,-0.034101,44.3725,2.090878
2026-05-21,B,MU,762.099976,345.09,2.208409,276.072,1.760512,86.2725,7.833637
2026-05-21,B,PLTR,137.414993,177.49,0.774213,141.992,-0.032234,44.3725,2.09685
2026-05-22,B,MU,751.0,345.09,2.176244,276.072,1.720305,86.2725,7.704976
2026-05-22,B,PLTR,136.880005,177.49,0.771198,141.992,-0.036002,44.3725,2.084794
2026-05-26,B,MU,895.880005,345.09,2.596076,276.072,2.245096,86.2725,9.384306
2026-05-26,B,PLTR,136.600006,177.49,0.769621,141.992,-0.037974,44.3725,2.078483
2026-05-27,B,MU,928.409973,345.09,2.690342,276.072,2.362927,86.2725,9.761366
2026-05-27,B,PLTR,132.509995,177.49,0.746577,141.992,-0.066778,44.3725,1.986309
2026-05-28,B,MU,923.52002,345.09,2.676171,276.072,2.345214,86.2725,9.704686
2026-05-28,B,PLTR,143.339996,177.49,0.807595,141.992,0.009493,44.3725,2.230379
2026-05-29,B,MU,971.0,345.09,2.813759,276.072,2.517198,86.2725,10.255035
2026-05-29,B,PLTR,156.539993,177.49,0.881965,141.992,0.102456,44.3725,2.527861
2026-06-01,B,MU,1035.5,345.09,3.000666,276.072,2.750833,86.2725,11.002666
2026-06-01,B,PLTR,160.649994,177.49,0.905121,141.992,0.131402,44.3725,2.620486
2026-06-02,B,MU,1064.099976,345.09,3.083543,276.072,2.854429,86.2725,11.334173
2026-06-02,B,PLTR,152.169998,177.49,0.857344,141.992,0.07168,44.3725,2.429376
2026-06-03,B,MU,1079.569946,345.09,3.128372,276.072,2.910465,86.2725,11.513489
2026-06-03,B,PLTR,142.199997,177.49,0.801172,141.992,0.001465,44.3725,2.204688
2026-06-04,B,MU,996.0,345.09,2.886204,276.072,2.607754,86.2725,10.544814
2026-06-04,B,PLTR,141.699997,177.49,0.798355,141.992,-0.002056,44.3725,2.193419
2026-06-05,B,MU,864.01001,345.09,2.503724,276.072,2.129655,86.2725,9.014895
2026-06-05,B,PLTR,135.529999,177.49,0.763592,141.992,-0.04551,44.3725,2.054369
2026-06-08,B,MU,949.280029,345.09,2.750819,276.072,2.438523,86.2725,10.003275
2026-06-08,B,PLTR,136.470001,177.49,0.768888,141.992,-0.03889,44.3725,2.075554
2026-06-09,B,MU,935.890015,345.09,2.712017,276.072,2.390021,86.2725,9.848069
2026-06-09,B,PLTR,132.070007,177.49,0.744098,141.992,-0.069877,44.3725,1.976393
2026-06-10,B,MU,891.880005,345.09,2.584485,276.072,2.230607,86.2725,9.337941
2026-06-10,B,PLTR,130.210007,177.49,0.733619,141.992,-0.082976,44.3725,1.934475
2026-06-11,B,MU,995.869995,345.09,2.885827,276.072,2.607284,86.2725,10.543307
2026-06-11,B,PLTR,131.080002,177.49,0.73852,141.992,-0.076849,44.3725,1.954082
2026-06-12,B,MU,981.609985,345.09,2.844504,276.072,2.55563,86.2725,10.378017
2026-06-12,B,PLTR,127.989998,177.49,0.721111,141.992,-0.098611,44.3725,1.884444
2026-06-15,B,MU,1087.98999,345.09,3.152772,276.072,2.940965,86.2725,11.611087
2026-06-15,B,PLTR,134.710007,177.49,0.758972,141.992,-0.051285,44.3725,2.035889
2026-06-16,B,MU,1020.76001,345.09,2.957953,276.072,2.697441,86.2725,10.831812
2026-06-16,B,PLTR,133.25,177.49,0.750747,141.992,-0.061567,44.3725,2.002986
2026-06-17,B,MU,1043.189941,345.09,3.02295,276.072,2.778688,86.2725,11.091801
2026-06-17,B,PLTR,130.630005,177.49,0.735985,141.992,-0.080019,44.3725,1.943941
2026-06-18,A,^GSPC,7500.580078,7472.79,1.003719,6351.8715,0.180846,2615.4765,1.867768
2026-06-18,A,^KS200,1459.22998,1477.22,0.987822,1255.637,0.162143,517.027,1.822348
2026-06-18,A,^N225,71053.492188,72353.96,0.982026,61500.866,0.155325,25323.886,1.805789
2026-06-18,B,MU,1133.98999,345.09,3.28607,276.072,3.107588,86.2725,12.144281
2026-06-18,B,PLTR,128.470001,177.49,0.723815,141.992,-0.095231,44.3725,1.895262
2026-06-19,A,^KS200,1459.47998,1477.22,0.987991,1255.637,0.162342,517.027,1.822831
2026-06-19,A,^N225,71250.0625,72353.96,0.984743,61500.866,0.158521,25323.886,1.813552
2026-06-22,A,^GSPC,7472.790039,7472.79,1.0,6351.8715,0.176471,2615.4765,1.857143
2026-06-22,A,^KS200,1477.219971,1477.22,1.0,1255.637,0.176471,517.027,1.857143
2026-06-22,A,^N225,72353.960938,72353.96,1.0,61500.866,0.176471,25323.886,1.857143
2026-06-22,B,MU,1211.380005,345.09,3.510331,276.072,3.387913,86.2725,13.041323
2026-06-22,B,PLTR,119.5,177.49,0.673277,141.992,-0.158403,44.3725,1.693109
2026-06-23,A,^GSPC,7365.459961,7472.79,0.985637,6351.8715,0.159573,2615.4765,1.816106
2026-06-23,A,^KS200,1321.699951,1477.22,0.894721,1255.637,0.052613,517.027,1.556346
2026-06-23,A,^N225,69788.382812,72353.96,0.964541,61500.866,0.134754,25323.886,1.755832
2026-06-23,B,MU,1051.77002,345.09,3.047814,276.072,2.809767,86.2725,11.191255
2026-06-23,B,PLTR,116.699997,177.49,0.657502,141.992,-0.178123,44.3725,1.630007
2026-06-24,A,^GSPC,7358.220215,7472.79,0.984668,6351.8715,0.158433,2615.4765,1.813338
2026-06-24,A,^KS200,1369.619995,1477.22,0.92716,1255.637,0.090777,517.027,1.64903
2026-06-24,A,^N225,69174.96875,72353.96,0.956063,61500.866,0.12478,25323.886,1.73161
2026-06-24,B,MU,1048.51001,345.09,3.038367,276.072,2.797959,86.2725,11.153467
2026-06-24,B,PLTR,113.5,177.49,0.639473,141.992,-0.200659,44.3725,1.557891
2026-06-25,A,^GSPC,7357.490234,7472.79,0.984571,6351.8715,0.158318,2615.4765,1.813059
2026-06-25,A,^KS200,1454.150024,1477.22,0.984383,1255.637,0.158097,517.027,1.812522
2026-06-25,A,^N225,72366.34375,72353.96,1.000171,61500.866,0.176672,25323.886,1.857632
2026-06-25,B,MU,1213.560059,345.09,3.516648,276.072,3.39581,86.2725,13.066592
2026-06-25,B,PLTR,107.269997,177.49,0.604372,141.992,-0.244535,44.3725,1.417488
2026-06-26,A,^GSPC,7354.02002,7472.79,0.984106,6351.8715,0.157772,2615.4765,1.811732
2026-06-26,A,^KS200,1366.48999,1477.22,0.925042,1255.637,0.088284,517.027,1.642976
2026-06-26,A,^N225,69360.882812,72353.96,0.958633,61500.866,0.127803,25323.886,1.738951
2026-06-26,B,MU,1132.329956,345.09,3.28126,276.072,3.101575,86.2725,12.125039
2026-06-26,B,PLTR,112.93,177.49,0.636261,141.992,-0.204674,44.3725,1.545045
2026-06-29,A,^GSPC,7440.430176,7472.79,0.99567,6351.8715,0.171376,2615.4765,1.84477
2026-06-29,A,^KS200,1352.540039,1477.22,0.915598,1255.637,0.077174,517.027,1.615995
2026-06-29,A,^N225,69468.109375,72353.96,0.960115,61500.866,0.129547,25323.886,1.743185
2026-06-29,B,MU,1145.280029,345.09,3.318786,276.072,3.148483,86.2725,12.275146
2026-06-29,B,PLTR,115.699997,177.49,0.651868,141.992,-0.185165,44.3725,1.607471
2026-06-30,A,^GSPC,7499.359863,7472.79,1.003556,6351.8715,0.180654,2615.4765,1.867302
2026-06-30,A,^KS200,1370.72998,1477.22,0.927912,1255.637,0.091661,517.027,1.651177
2026-06-30,A,^N225,70062.320312,72353.96,0.968327,61500.866,0.139209,25323.886,1.76665
2026-06-30,B,MU,1154.290039,345.09,3.344896,276.072,3.18112,86.2725,12.379583
2026-06-30,B,PLTR,116.669998,177.49,0.657333,141.992,-0.178334,44.3725,1.629331
2026-07-01,A,^GSPC,7483.22998,7472.79,1.001397,6351.8715,0.178114,2615.4765,1.861134
2026-07-01,A,^KS200,1335.359985,1477.22,0.903968,1255.637,0.063492,517.027,1.582766
2026-07-01,A,^N225,70474.960938,72353.96,0.97403,61500.866,0.145918,25323.886,1.782944
2026-07-01,B,MU,1032.280029,345.09,2.991336,276.072,2.73917,86.2725,10.965343
2026-07-01,B,PLTR,125.730003,177.49,0.708378,141.992,-0.114528,44.3725,1.833512
2026-07-02,A,^GSPC,7483.240234,7472.79,1.001398,6351.8715,0.178116,2615.4765,1.861138
2026-07-02,A,^KS200,1219.619995,1477.22,0.825618,1255.637,-0.028684,517.027,1.35891
2026-07-02,A,^N225,68733.148438,72353.96,0.949957,61500.866,0.117596,25323.886,1.714163
2026-07-02,B,MU,975.559998,345.09,2.826973,276.072,2.533716,86.2725,10.307891
2026-07-02,B,PLTR,129.300003,177.49,0.728492,141.992,-0.089385,44.3725,1.913967
2026-07-03,A,^KS200,1299.300049,1477.22,0.879558,1255.637,0.034774,517.027,1.513022
2026-07-03,A,^N225,69744.070312,72353.96,0.963929,61500.866,0.134034,25323.886,1.754082
2026-07-06,A,^GSPC,7537.430176,7472.79,1.00865,6351.8715,0.186647,2615.4765,1.881857
2026-07-06,A,^KS200,1293.130005,1477.22,0.875381,1255.637,0.02986,517.027,1.501088
2026-07-06,A,^N225,69737.6875,72353.96,0.963841,61500.866,0.13393,25323.886,1.75383
2026-07-06,B,MU,984.75,345.09,2.853603,276.072,2.567004,86.2725,10.414414
2026-07-06,B,PLTR,132.539993,177.49,0.746746,141.992,-0.066567,44.3725,1.986985
2026-07-07,A,^GSPC,7503.850098,7472.79,1.004156,6351.8715,0.181361,2615.4765,1.869018
2026-07-07,A,^KS200,1225.569946,1477.22,0.829646,1255.637,-0.023946,517.027,1.370418
2026-07-07,A,^N225,68256.960938,72353.96,0.943376,61500.866,0.109854,25323.886,1.695359
2026-07-07,B,MU,938.380005,345.09,2.719233,276.072,2.399041,86.2725,9.876931
2026-07-07,B,PLTR,134.369995,177.49,0.757057,141.992,-0.053679,44.3725,2.028227
2026-07-08,A,^GSPC,7482.709961,7472.79,1.001327,6351.8715,0.178032,2615.4765,1.860936
2026-07-08,A,^KS200,1158.369995,1477.22,0.784155,1255.637,-0.077464,517.027,1.240444
2026-07-08,A,^N225,66819.046875,72353.96,0.923502,61500.866,0.086473,25323.886,1.638578
2026-07-08,B,MU,948.799988,345.09,2.749428,276.072,2.436785,86.2725,9.997711
2026-07-08,B,PLTR,132.220001,177.49,0.744943,141.992,-0.068821,44.3725,1.979774
2026-07-09,A,^GSPC,7543.640137,7472.79,1.009481,6351.8715,0.187625,2615.4765,1.884232
2026-07-09,A,^KS200,1169.72998,1477.22,0.791845,1255.637,-0.068417,517.027,1.262416
2026-07-09,A,^N225,67743.851562,72353.96,0.936284,61500.866,0.101511,25323.886,1.675097
2026-07-09,B,MU,991.640015,345.09,2.873569,276.072,2.591962,86.2725,10.494277
2026-07-09,B,PLTR,129.039993,177.49,0.727027,141.992,-0.091216,44.3725,1.908107
2026-07-10,A,^GSPC,7575.390137,7472.79,1.01373,6351.8715,0.192623,2615.4765,1.896371
2026-07-10,A,^KS200,1196.689941,1477.22,0.810096,1255.637,-0.046946,517.027,1.31456
2026-07-10,A,^N225,68557.726562,72353.96,0.947532,61500.866,0.114744,25323.886,1.707236
2026-07-10,B,MU,979.299988,345.09,2.83781,258.8175,2.783747,86.2725,10.351242
2026-07-10,B,PLTR,126.790001,177.49,0.71435,133.1175,-0.047533,44.3725,1.8574
2026-07-13,A,^GSPC,7515.339844,7472.79,1.005694,6351.8715,0.183169,2615.4765,1.873411
2026-07-13,A,^KS200,1078.780029,1477.22,0.730277,1255.637,-0.14085,517.027,1.086506
2026-07-13,A,^N225,67242.726562,72353.96,0.929358,61500.866,0.093362,25323.886,1.655308
2026-07-13,B,MU,937.0,345.09,2.715234,258.8175,2.620312,86.2725,9.860935
2026-07-13,B,PLTR,130.039993,177.49,0.732661,133.1175,-0.023119,44.3725,1.930644
2026-07-14,A,^GSPC,7543.589844,7472.79,1.009474,6351.8715,0.187617,2615.4765,1.884212
2026-07-14,A,^KS200,1092.22998,1477.22,0.739382,1255.637,-0.130139,517.027,1.11252
2026-07-14,A,^N225,67743.5,72353.96,0.936279,61500.866,0.101505,25323.886,1.675083
2026-07-14,B,MU,983.119995,345.09,2.84888,258.8175,2.798507,86.2725,10.39552
2026-07-14,B,PLTR,133.720001,177.49,0.753395,133.1175,0.004526,44.3725,2.013578
2026-07-15,A,^GSPC,7572.399902,7472.79,1.01333,6351.8715,0.192153,2615.4765,1.895228
2026-07-15,A,^KS200,1163.900024,1477.22,0.787899,1255.637,-0.07306,517.027,1.25114
2026-07-15,A,^N225,68751.507812,72353.96,0.950211,61500.866,0.117895,25323.886,1.714888
2026-07-15,B,MU,904.280029,345.09,2.620418,258.8175,2.493891,86.2725,9.481672
2026-07-15,B,PLTR,133.759995,177.49,0.75362,133.1175,0.004827,44.3725,2.01448
2026-07-16,A,^GSPC,7533.77002,7472.79,1.00816,6351.8715,0.186071,2615.4765,1.880458
2026-07-16,A,^KS200,1080.359985,1477.22,0.731347,1255.637,-0.139592,517.027,1.089562
2026-07-16,A,^N225,66835.539062,72353.96,0.92373,61500.866,0.086741,25323.886,1.639229
2026-07-16,B,MU,853.200012,345.09,2.472399,258.8175,2.296531,86.2725,8.889594
2026-07-16,B,PLTR,134.440002,177.49,0.757451,133.1175,0.009935,44.3725,2.029805
2026-07-17,A,^GSPC,7457.689941,7472.79,0.997979,6351.8715,0.174093,2615.4765,1.85137
2026-07-17,A,^N225,64141.121094,72353.96,0.886491,61500.866,0.04293,25323.886,1.532831
2026-07-17,B,MU,848.950012,345.09,2.460083,258.8175,2.280111,86.2725,8.840332
2026-07-17,B,PLTR,132.380005,177.49,0.745845,133.1175,-0.00554,44.3725,1.983379
2026-07-20,A,^GSPC,7443.279785,7472.79,0.996051,6351.8715,0.171825,2615.4765,1.84586
2026-07-20,B,MU,865.460022,345.09,2.507926,258.8175,2.343901,86.2725,9.031702
2026-07-20,B,PLTR,134.850006,177.49,0.759761,133.1175,0.013015,44.3725,2.039045
2026-07-21,A,^GSPC,7509.200195,7472.79,1.004872,6351.8715,0.182203,2615.4765,1.871064
2026-07-21,A,^N225,66232.1875,72353.96,0.915391,61500.866,0.076931,25323.886,1.615404
2026-07-21,B,MU,970.820007,345.09,2.813237,258.8175,2.750983,86.2725,10.252949
2026-07-21,B,PLTR,132.660004,177.49,0.747422,133.1175,-0.003437,44.3725,1.98969
2026-07-22,A,^GSPC,7498.959961,7472.79,1.003502,6351.8715,0.180591,2615.4765,1.867149
2026-07-22,A,^N225,66115.601562,72353.96,0.91378,61500.866,0.075035,25323.886,1.6108
2026-07-22,B,MU,959.47998,345.09,2.780376,258.8175,2.707168,86.2725,10.121504
2026-07-22,B,PLTR,124.57,177.49,0.701842,133.1175,-0.06421,44.3725,1.807369
2026-07-23,A,^GSPC,7408.299805,7472.79,0.99137,6351.8715,0.166318,2615.4765,1.832486
2026-07-23,A,^N225,66422.601562,72353.96,0.918023,61500.866,0.080027,25323.886,1.622923
2026-07-23,B,MU,990.210022,345.09,2.869425,258.8175,2.825901,86.2725,10.477702
2026-07-23,B,PLTR,123.370003,177.49,0.695081,133.1175,-0.073225,44.3725,1.780326
2026-07-24,A,^GSPC,7411.97998,7472.79,0.991862,6351.8715,0.166897,2615.4765,1.833893
2026-07-24,A,^N225,64611.148438,72353.96,0.892987,61500.866,0.050573,25323.886,1.551392
2026-07-24,B,MU,920.950012,345.09,2.668724,258.8175,2.558299,86.2725,9.674897
2026-07-24,B,PLTR,122.919998,177.49,0.692546,133.1175,-0.076605,44.3725,1.770184
2026-07-27,A,^GSPC,7413.180176,7472.79,0.992023,6351.8715,0.167086,2615.4765,1.834352
2026-07-27,A,^N225,64931.191406,72353.96,0.89741,61500.866,0.055777,25323.886,1.56403
2026-07-27,B,MU,900.200012,345.09,2.608595,258.8175,2.478127,86.2725,9.43438
2026-07-27,B,PLTR,131.529999,177.49,0.741056,133.1175,-0.011926,44.3725,1.964223
2026-07-28,A,^GSPC,7428.779785,7472.79,0.994111,6351.8715,0.169542,2615.4765,1.840316
2026-07-28,A,^N225,62364.921875,72353.96,0.861942,61500.866,0.014049,25323.886,1.462692
2026-07-28,B,MU,820.530029,345.09,2.377728,258.8175,2.170304,86.2725,8.510911
2026-07-28,B,PLTR,123.529999,177.49,0.695983,133.1175,-0.072023,44.3725,1.783931
2026-07-29,A,^GSPC,7316.149902,7472.79,0.979039,6351.8715,0.15181,2615.4765,1.797253
2026-07-29,A,^N225,61434.191406,72353.96,0.849078,61500.866,-0.001084,25323.886,1.425939
2026-07-29,B,MU,739.0,345.09,2.14147,258.8175,1.855294,86.2725,7.565881
2026-07-29,B,PLTR,123.0,177.49,0.692997,133.1175,-0.076004,44.3725,1.771987
2026-07-30,A,^GSPC,7437.629883,7472.79,0.995295,6351.8715,0.170935,2615.4765,1.8437
2026-07-30,A,^N225,61867.429688,72353.96,0.855066,61500.866,0.00596,25323.886,1.443046
2026-07-30,B,MU,874.659973,345.09,2.534585,258.8175,2.379447,86.2725,9.13834
2026-07-30,B,PLTR,122.260002,177.49,0.688828,133.1175,-0.081563,44.3725,1.75531
2026-07-31,A,^GSPC,7489.720215,7472.79,1.002266,6351.8715,0.179136,2615.4765,1.863616
2026-07-31,A,^N225,64362.019531,72353.96,0.889544,61500.866,0.046522,25323.886,1.541554
2026-07-31,B,MU,823.030029,345.09,2.384972,258.8175,2.179963,86.2725,8.539888
2026-07-31,B,PLTR,123.059998,177.49,0.693335,133.1175,-0.075554,44.3725,1.773339
2026-08-03,A,^GSPC,7600.5,7472.79,1.01709,6351.8715,0.196576,2615.4765,1.905971
2026-08-03,A,^N225,63754.898438,72353.96,0.881153,61500.866,0.03665,25323.886,1.51758
2026-08-03,B,MU,829.5,345.09,2.403721,258.8175,2.204961,86.2725,8.614883
2026-08-03,B,PLTR,125.650002,177.49,0.707927,133.1175,-0.056097,44.3725,1.831709
2026-08-04,A,^GSPC,7736.52002,7472.79,1.035292,6351.8715,0.217991,2615.4765,1.957977
2026-08-04,A,^N225,63957.53125,72353.96,0.883953,61500.866,0.039945,25323.886,1.525581
2026-08-04,B,MU,892.669983,345.09,2.586774,258.8175,2.449033,86.2725,9.347098
2026-08-04,B,PLTR,162.660004,177.49,0.916446,133.1175,0.221928,44.3725,2.665784
2026-08-05,A,^GSPC,7723.549805,7472.79,1.033556,6351.8715,0.215949,2615.4765,1.953018
2026-08-05,A,^N225,66300.4375,72353.96,0.916335,61500.866,0.078041,25323.886,1.618099
2026-08-05,B,MU,893.190002,345.09,2.588281,258.8175,2.451042,86.2725,9.353125
2026-08-05,B,PLTR,158.429993,177.49,0.892614,133.1175,0.190152,44.3725,2.570455
2026-08-06,A,^GSPC,7709.959961,7472.79,1.031738,6351.8715,0.213809,2615.4765,1.947822
2026-08-06,A,^N225,65683.257812,72353.96,0.907805,61500.866,0.068005,25323.886,1.593727
2026-08-06,B,MU,881.469971,345.09,2.554319,258.8175,2.405759,86.2725,9.217276
2026-08-06,B,PLTR,155.919998,177.49,0.878472,133.1175,0.171296,44.3725,2.513888
2026-08-07,A,^GSPC,7757.640137,7472.79,1.038118,6351.8715,0.221316,2615.4765,1.966052
2026-08-07,A,^N225,65606.710938,72353.96,0.906747,61500.866,0.066761,25323.886,1.590705
2026-08-07,B,MU,877.570007,345.09,2.543018,258.8175,2.39069,86.2725,9.172071
2026-08-07,B,PLTR,172.009995,177.49,0.969125,133.1175,0.292167,44.3725,2.8765
2026-08-10,A,^GSPC,7753.109863,7472.79,1.037512,6351.8715,0.220602,2615.4765,1.96432
2026-08-10,A,^N225,66970.21875,72353.96,0.925592,61500.866,0.088931,25323.886,1.644547
2026-08-10,B,MU,861.0,345.09,2.495001,258.8175,2.326668,86.2725,8.980005
2026-08-10,B,PLTR,175.229996,177.49,0.987267,133.1175,0.316356,44.3725,2.949067
2026-08-11,A,^KS200,987.400024,1477.22,0.668418,1255.637,-0.213626,517.027,0.909765
2026-08-11,A,^GSPC,7728.200195,7472.79,1.034179,6351.8715,0.216681,2615.4765,1.954796
2026-08-11,B,PLTR,174.940002,177.49,0.985633,133.1175,0.314177,44.3725,2.942532
2026-08-11,B,MU,868.52002,345.09,2.516793,258.8175,2.355724,86.2725,9.067171
2026-08-12,A,^GSPC,7748.5,7472.79,1.036895,6351.8715,0.219877,2615.4765,1.962558
2026-08-12,A,^KS200,1029.430054,1477.22,0.69687,1255.637,-0.180153,517.027,0.991057
2026-08-12,B,PLTR,171.039993,177.49,0.96366,133.1175,0.28488,44.3725,2.85464
2026-08-12,B,MU,911.289978,345.09,2.640731,258.8175,2.520975,86.2725,9.562925
2026-08-12,A,^N225,67524.0625,72353.96,0.933246,61500.866,0.097937,25323.886,1.666418
2026-08-13,A,^GSPC,7798.990234,7472.79,1.043652,6351.8715,0.227826,2615.4765,1.981862
2026-08-13,A,^KS200,1071.23999,1477.22,0.725173,1255.637,-0.146855,517.027,1.071923
2026-08-13,B,PLTR,179.009995,177.49,1.008564,133.1175,0.344752,44.3725,3.034255
2026-08-13,B,MU,949.830017,345.09,2.752412,258.8175,2.669883,86.2725,10.00965
2026-08-14,A,^N225,68713.796875,72353.96,0.94969,61500.866,0.117282,25323.886,1.713399
2026-08-14,A,^GSPC,7785.759766,7472.79,1.041881,6351.8715,0.225743,2615.4765,1.976804
2026-08-14,A,^KS200,1098.180054,1477.22,0.74341,1255.637,-0.1254,517.027,1.124028
2026-08-14,B,PLTR,174.039993,177.49,0.980562,133.1175,0.307416,44.3725,2.922249
2026-08-14,B,MU,971.659973,345.09,2.815671,258.8175,2.754228,86.2725,10.262685
2026-08-17,A,^GSPC,7745.060059,7472.79,1.036435,6351.8715,0.219335,2615.4765,1.961242
2026-08-17,B,PLTR,172.550003,177.49,0.972167,133.1175,0.296223,44.3725,2.88867
2026-08-17,B,MU,1011.75,345.09,2.931844,258.8175,2.909125,86.2725,10.727375
2026-08-17,A,^N225,69220.25,72353.96,0.956689,61500.866,0.125517,25323.886,1.733398
2026-08-18,A,^GSPC,7691.759766,7472.79,1.029302,6351.8715,0.210944,2615.4765,1.940864
2026-08-18,A,^KS200,1082.0,1477.22,0.732457,1255.637,-0.138286,517.027,1.092734
2026-08-18,B,PLTR,171.539993,177.49,0.966477,133.1175,0.288636,44.3725,2.865908
2026-08-18,B,MU,940.76001,345.09,2.726129,258.8175,2.634839,86.2725,9.904518
2026-08-18,A,^N225,67460.726562,72353.96,0.932371,61500.866,0.096907,25323.886,1.663917
2026-08-19,A,^GSPC,7707.97998,7472.79,1.031473,6351.8715,0.213497,2615.4765,1.947065
2026-08-19,A,^KS200,1012.609985,1477.22,0.685484,1255.637,-0.193549,517.027,0.958524
2026-08-19,B,PLTR,175.190002,177.49,0.987042,133.1175,0.316055,44.3725,2.948166
2026-08-19,B,MU,937.10498,345.09,2.715538,258.8175,2.620717,86.2725,9.862152
2026-08-19,A,^N225,65326.421875,72353.96,0.902873,61500.866,0.062203,25323.886,1.579637
2026-08-20,A,^GSPC,7641.160156,7472.79,1.022531,6351.8715,0.202978,2615.4765,1.921517
2026-08-20,A,^KS200,1080.97998,1477.22,0.731766,1255.637,-0.139098,517.027,1.090761
2026-08-20,B,PLTR,173.960007,177.49,0.980112,133.1175,0.306815,44.3725,2.920446
2026-08-20,B,MU,974.330017,345.09,2.823408,258.8175,2.764545,86.2725,10.293634
2026-08-21,A,^N225,66016.359375,72353.96,0.912408,61500.866,0.073422,25323.886,1.606881
2026-08-21,A,^GSPC,7674.370117,7472.79,1.026975,6351.8715,0.208206,2615.4765,1.934215
2026-08-21,A,^KS200,1096.25,1477.22,0.742103,1255.637,-0.126937,517.027,1.120295
2026-08-21,B,PLTR,179.940002,177.49,1.013804,133.1175,0.351738,44.3725,3.055214
2026-08-21,B,MU,966.780029,345.09,2.80153,258.8175,2.735373,86.2725,10.20612
2026-08-24,A,^GSPC,7652.859863,7472.79,1.024097,6351.8715,0.20482,2615.4765,1.925991
2026-08-24,A,^KS200,1054.01001,1477.22,0.713509,1255.637,-0.160577,517.027,1.038598
2026-08-24,B,PLTR,175.889999,177.49,0.990985,133.1175,0.321314,44.3725,2.963942
2026-08-24,B,MU,910.429993,345.09,2.638239,258.8175,2.517652,86.2725,9.552957
2026-08-24,A,^N225,65528.089844,72353.96,0.90566,61500.866,0.065482,25323.886,1.5876
2026-08-25,A,^GSPC,7677.279785,7472.79,1.027365,6351.8715,0.208664,2615.4765,1.935327
2026-08-25,A,^KS200,1060.680054,1477.22,0.718024,1255.637,-0.155265,517.027,1.051498
2026-08-25,B,PLTR,172.729996,177.49,0.973182,133.1175,0.297575,44.3725,2.892726
2026-08-25,B,MU,932.969971,345.09,2.703556,258.8175,2.604741,86.2725,9.814222
2026-08-25,A,^N225,65856.429688,72353.96,0.910198,61500.866,0.070821,25323.886,1.600566
2026-08-26,A,^GSPC,7675.700195,7472.79,1.027153,6351.8715,0.208416,2615.4765,1.934723
2026-08-26,A,^KS200,1071.160034,1477.22,0.725119,1255.637,-0.146919,517.027,1.071768
2026-08-26,B,PLTR,177.5,177.49,1.000056,133.1175,0.333408,44.3725,3.000225
2026-08-26,B,MU,938.400024,345.09,2.719291,258.8175,2.625721,86.2725,9.877163
2026-08-28,A,^N225,66421.398438,72353.96,0.918006,61500.866,0.080008,25323.886,1.622875
2026-08-27,A,^GSPC,7730.990234,7472.79,1.034552,6351.8715,0.21712,2615.4765,1.955863
2026-08-28,A,^KS200,1069.170044,1477.22,0.723772,1255.637,-0.148504,517.027,1.067919
2026-08-27,B,PLTR,185.929993,177.49,1.047552,133.1175,0.396736,44.3725,3.190208
2026-08-27,B,MU,935.390015,345.09,2.710568,258.8175,2.614091,86.2725,9.842273
2026-08-28,A,^GSPC,7711.759766,7472.79,1.031979,6351.8715,0.214093,2615.4765,1.94851
2026-08-28,B,PLTR,186.289993,177.49,1.04958,133.1175,0.39944,44.3725,3.198321
2026-08-28,B,MU,932.859985,345.09,2.703237,258.8175,2.604316,86.2725,9.812947
2026-09-01,A,^N225,65771.390625,72353.96,0.909023,61500.866,0.069438,25323.886,1.597208
2026-08-31,A,^GSPC,7686.140137,7472.79,1.02855,6351.8715,0.210059,2615.4765,1.938715
2026-09-01,A,^KS200,1066.75,1477.22,0.722133,1255.637,-0.150431,517.027,1.063238
2026-08-31,B,PLTR,186.380005,177.49,1.050087,133.1175,0.400116,44.3725,3.200349
2026-08-31,B,MU,958.72998,345.09,2.778203,258.8175,2.70427,86.2725,10.112811
2026-08-31,A,^N225,66311.929688,72353.96,0.916493,61500.866,0.078228,25323.886,1.618553
2026-09-01,A,^GSPC,7631.470215,7472.79,1.021234,6351.8715,0.201452,2615.4765,1.917813
2026-09-01,B,PLTR,179.919998,177.49,1.013691,133.1175,0.351588,44.3725,3.054764
2026-09-01,B,MU,933.440002,345.09,2.704918,258.8175,2.606557,86.2725,9.81967
2026-09-02,A,^GSPC,7666.600098,7472.79,1.025935,6351.8715,0.206983,2615.4765,1.931244
2026-09-02,A,^KS200,1031.530029,1477.22,0.698291,1255.637,-0.178481,517.027,0.995118
2026-09-02,B,PLTR,169.460007,177.49,0.954758,133.1175,0.273011,44.3725,2.819032
2026-09-02,B,MU,956.080017,345.09,2.770524,258.8175,2.694032,86.2725,10.082095
